{"file_hashes":[{"block_hashes":["3fFoWaFfPrMzTWJBl1yjmIrD6vw9lkUqw6Sv02RMhVA="],"block_size":4096,"path":"_locales/be/messages.json"},{"block_hashes":["pIJmMpKpE7AqnN5GNcfJInC/PIcm/SdEddwsSQAZp8k="],"block_size":4096,"path":"_locales/cy/messages.json"},{"block_hashes":["pBZw1SQjumnHpl5+FT57mZTo3QNwxYS9oHFL1hxJxXg="],"block_size":4096,"path":"_locales/eu/messages.json"},{"block_hashes":["mJBxDfD78dtBvOQf4vYkJKO9OddV0p6Cl0TtPaDCzh0="],"block_size":4096,"path":"_locales/gl/messages.json"},{"block_hashes":["Cxbj+L2QSnZyhDRa6GoKmSfEev6J4F6isTrYAAm9+eQ="],"block_size":4096,"path":"_locales/hy/messages.json"},{"block_hashes":["lD5hmIyFm7CI9UiInwRJiFUl3WYGJqibpnsslM+/uxs="],"block_size":4096,"path":"_locales/is/messages.json"},{"block_hashes":["u7gcMvSCujIWybEYnHDO85yowhga81OP+ge0xq1S8Go="],"block_size":4096,"path":"_locales/iw/messages.json"},{"block_hashes":["MImLv1G91Y2zl/94DwYeM0MaOO9c/CiLUXfs92s5nyY="],"block_size":4096,"path":"_locales/ka/messages.json"},{"block_hashes":["VI3GyW4xoWzjVdxVxkgzsI7z+6i/MxSQMbSmhZWeOvQ="],"block_size":4096,"path":"_locales/kk/messages.json"},{"block_hashes":["phGPCg3jKeB8AfU81vtP7UPlTF9T20zRx/WytNn7EOY="],"block_size":4096,"path":"_locales/km/messages.json"},{"block_hashes":["iQgvsFIpgmvCIvXSLBWCNfAl8ObfZ/8TWhi9iZ4Tu48="],"block_size":4096,"path":"_locales/lo/messages.json"},{"block_hashes":["YT2HUfbMnT+jGfS36osr077Tf9B3SCyoJZKd18Eqaag="],"block_size":4096,"path":"_locales/mn/messages.json"},{"block_hashes":["JDvvvWtnohQz3Ml9wacoiW06Bw3CAFXrBNZE4buVX+c="],"block_size":4096,"path":"_locales/my/messages.json"},{"block_hashes":["Fg4c1ZPJAccpHqTsunNRkdeT3f1+lkagVgSYYn9h2m8="],"block_size":4096,"path":"_locales/ne/messages.json"},{"block_hashes":["u9N9Qbfeb5OUj6JDenaZ1MMKPDnnNheXAvISyzajEzw="],"block_size":4096,"path":"_locales/pa/messages.json"},{"block_hashes":["VCQevmUag0QjXMR6/SdMCAq668jDolr7ldg3O2pWcKI="],"block_size":4096,"path":"_locales/si/messages.json"},{"block_hashes":["MPRM+tBS1z2G0S+iDPwRFWOjsuRSO0P31m2TS6jazpE="],"block_size":4096,"path":"_locales/zh_HK/messages.json"},{"block_hashes":["7Hjd1MzzK1127HAaIBZ8P70UbXmlBeT7BCH8Hlz0qmM="],"block_size":4096,"path":"_locales/zu/messages.json"},{"block_hashes":["bGnOD+b6sU8ZkKMg1wT+42LBdcAOtskiSqb0EQiRjKY="],"block_size":4096,"path":"dasherSettingSchema.json"},{"block_hashes":["ufotUqT/q7Q4tWGEExuJOwRlWwHzNgZkFdT+g57+ZOc="],"block_size":4096,"path":"offscreendocument.html"},{"block_hashes":["d+N15BPsPnXUs5+AGHgeowhZskCNRvJup+bj+VtMI+w=","BSh38/LH4xy1Lb03MW5L5+MsOgpz9H8vFKGM4TXU3Mo=","5DNhWBMVzDK56cFVgFQM8PgY1cqU435/9NzYCD/Dh1k=","H7GViusPHiJr3la6WJ0kZGD6ekD3bc/agQOr912jyrY=","z96Jdpx6FzYEh4GMNOwSpUXQhMBwjnNj/FrNYgJtZjA=","IL0maWb2ijakYU+l7oA5+NoaiCqMLc7WJyWnD2BohaM=","i95RRl5W9+NdFSQuJ7YTtV8LtOVNa3dwlX+toEYPpVY=","5rUzejbxTYwRc+0qsJs71d5c2QkEeQZvuejlllWcA10=","KQi1FpZlMMP6XfXBWzve0rKSOTA+vBsFEot+AnJB+Co=","jlDXlyczMmM7/VDLDlzWkkVTYdvK2vlsEYqfcSHeAx4=","IqZAGY7Vr4w1vMa/uwABqIvbHjJo3scZRWK3R6fyQRo=","n3EFaWFeVZ02G7aJEpYJxT6lvjjL1M2doqjSxUPbaDA=","iOjWH+j+TyIBsE7Dg69buWW9W0ROngZf0yCYuQllLbA=","XQudo68Jg4l55ssD55Ne8Vw7okTYWDvQsBpe1y5Drl4=","ItejuNJhFKy9FHpDiMg9X37ZerExeYs0sjNzWzNqg3A=","w8OCIvensF7gTZ4+AeXBMMSi55esPJjV3FT4w92wqGw=","LNQ7CI5p+KOjwwlWoOVoXe8ug8HYfl+//yX9jp3bi5Y=","8UiQ52eRMlER+/yV1IA6a12jXUdfuWDrJdkl+I5Tun0=","q2PLuRVnr925OXejN+khoF6p13zqxyMxgdZ4mGu7HOk=","KLZykxhfcBt9ybGGgRxLUfaT/vJCDyBUeOeqJPONCms=","FC4WOgxX69+vXFSXECLczUeBY38KTIQbgA9O4eXBMrI=","zYxp/Yhbss89OY26wuS+ymBmhp1k/nPUV3r4Wmx9f/I=","wdHLnb2FfV3MQUms3p9Kg2/IRR2MzVManE036lZam7g=","uBNav4nL7ANRUzLLfRyQUQtaV/4yD+0U4XNu6Knmlpo=","sBjkktpYyhSE1CKZnzVBEPjPlVSBHyKy47yehlkUrK0=","GaChF//xu2SJsyYxDyGRNBYiCZHCWCEup2pr1ijcBkI=","AkutrzdhgGOd9F25PvxCQaYInvK/gBmhlhyI8miQ4ZE=","0VRYJREGAnZewTEKrLFT27rFbY3Ioorrh0UiA1wkEFI=","TuBlu/0KTbtFmHzcM8xuTphJu7XwXnfwSRXj2XJpmMw=","+55Mo7E8OdrUsMY/jOBhzvMipIlebmqJi+qJKppHfQs=","gm4gzzZiEVyGotPH8XOuNtzV8xP1y+ixsVTWR0WDFYs="],"block_size":4096,"path":"offscreendocument_main.js"},{"block_hashes":["+9k2mEDsTY8xAs2GXFGG4MZd6A1n+6okTLdRO6g53jY="],"block_size":4096,"path":"page_embed_script.js"},{"block_hashes":["QPAkFjW2hhmcBrcfz3v97sxr/4/VgKSrTbUDQSe1Ikg=","tqM8hhFnt7bYUxzX8lJUqoCKqfos/41MzH+LBubuFWM=","5DNhWBMVzDK56cFVgFQM8PgY1cqU435/9NzYCD/Dh1k=","rh0MQ4BZjKqxJ1PgDzu82NYM+k++9MY+ydVGlcjIggw=","CMauVvlpeQcD0fY//UCCqrjwhrcEAaeSG8I/n8Lig84=","bxi4auusNtKLlN9aiCLDRAPNI5pLEmfU48PY7RcrFbI=","Y95DxQVZu7jqMnFGlR3yHY5MRi1ilYziK5poGMx/E3c=","0VI/HO2Ev46mQBvq1q/xITofvFID0MaDMOkxk/ZUlwg=","tYox/C1s0yaRpZFqKEtFIiaSSAAhBBu9cllyRg0t1WU=","1UuXJW1sJu/8zUKgl9lzOdGJa9knLARoOe62HyvvP8U=","agkx0BxE12OUP3RTbtFFmegB8vTtOfKlTy1Ej0epX60=","nh/a7cI5irYZFajJWL4W2ZcnA4wpPCJgyTca6Xbl4GM=","DPUnO4UZ4Jd7ylatK2Mn9uVsSQ4JqKsxhgfy7ZYsvHI=","a15iYHFlyaGSSDlqoEpdMLdDGSNpxAjG1c/bwYvxz/k=","5DkbQQPurm1q8Lmxxx66WTjLdL9ByV5nvhWR52s0Otk=","w4KVBK2fW5UCutYUfXNkULe7h5BV5qMdyLpUAfLx44c=","UJ9Gg+mm36N+6rDdhQYDl3aJxCGV8gq/4XJDI4AapvQ=","SIkNJX2UUWxYJsz/DyX6Cl+01yrw5Eo5TzjrHbddtPA=","mCZkCeBswj5lmFb0ett5l10C1AAhN3mQBPM51RK70ns=","Cu9fz3QvJT2QWm9Wovz357BGaWGz2PNllWHbVgbjD+8=","5CgDizYwCRuDA5PJYrkWiUuZ1tolTRyTAZJw1NgEm5I=","A8tabW9Aas31OpssDl62uB4EMj8wL+dGGXKNBFx+LJ4=","miL2S1Yv0E+OqLuZyqrll+o3gx/1ngkR5wvFA1BYfTI=","1zVYpUKqpeIPkm0EnrtHzzWOBXganAmhRY+DlYUnIb4=","eWU2nUPcDsznxjR+83gTb5vgZIl4XtGmIGGr/P4yMQ4=","EEPhRtXysvFy/PML+OUgx84bezQVTdEpXAOcqO3ATk8=","/jpB/H8QB/22KQnSkU4nwvDDkU173kC/f/u/fEh7f4k=","szz66x2gzNXDDyeT7NvdTdn4m61/o8QlgJFv8jjYMBg=","uLNI7JX6NfJv8nftTuMtQjQxpbDb9EWDtAFTRvcLoB0=","DJ2Ye2ucA7PB+BapKxpA1BFqbk2wjVzs9lHM7NVqbEA=","V6DS/bcTmXQzOXA5oB9V2PfVhW9Tgsw7yNqCYdZz/6c=","6wKILtybQjnKnHXgbEFaQOKw7KUS294j8aXI02plwq4=","34NMMrzmePpO33/3RT3Dobjoo1BwmE6vZ7jSzspU6aY="],"block_size":4096,"path":"service_worker_bin_prod.js"}],"version":2}